Philadelphia Eagles,1st,1st,10,CAR,28,J,Stewart,Rush,6
Philadelphia Eagles,1st,2nd,4,CAR,34,J,Stewart,Rush,5
Philadelphia Eagles,1st,1st,10,CAR,39,C,Newton,Pass,9
Philadelphia Eagles,1st,2nd,1,CAR,48,M,Tolbert,Rush,3
Philadelphia Eagles,1st,1st,10,PHI,49,C,Newton,Pass,14
Philadelphia Eagles,1st,1st,10,PHI,35,B,LaFell,Rush,6
Philadelphia Eagles,1st,2nd,4,PHI,29,C,Newton,Rush,5
Philadelphia Eagles,1st,1st,10,PHI,24,C,Newton,Pass,24
Philadelphia Eagles,1st,1st,10,CAR,45,J,Stewart,Rush,12
Philadelphia Eagles,1st,1st,10,PHI,43,C,Newton,Pass,0
Philadelphia Eagles,1st,2nd,10,PHI,43,C,Newton,Pass,43
Philadelphia Eagles,2nd,1st,10,CAR,14,J,Stewart,Rush,9
Philadelphia Eagles,2nd,2nd,1,CAR,23,C,Newton,Rush,3
Philadelphia Eagles,2nd,1st,10,CAR,26,C,Newton,Pass,0
Philadelphia Eagles,2nd,2nd,10,CAR,26,D,Williams,Rush,2
Philadelphia Eagles,2nd,3rd,8,CAR,28,C,Newton,Pass,0
Philadelphia Eagles,2nd,1st,10,CAR,20,C,Newton,Pass,23
Philadelphia Eagles,2nd,1st,10,CAR,43,C,Newton,Pass,0
Philadelphia Eagles,2nd,2nd,10,CAR,43,J,Stewart,Rush,-7
Philadelphia Eagles,2nd,3rd,17,CAR,36,C,Newton,Pass,14
Philadelphia Eagles,2nd,1st,10,CAR,20,J,Stewart,Rush,-4
Philadelphia Eagles,2nd,2nd,14,CAR,16,C,Newton,Pass,7
Philadelphia Eagles,2nd,3rd,7,CAR,23,C,Newton,Pass,10
Philadelphia Eagles,2nd,1st,10,CAR,33,C,Newton,Pass,0
Philadelphia Eagles,2nd,2nd,10,CAR,33,C,Newton,Pass,2
Philadelphia Eagles,2nd,3rd,8,CAR,35,C,Newton,Pass,0
Philadelphia Eagles,2nd,1st,10,CAR,18,J,Stewart,Rush,4
Philadelphia Eagles,3rd,1st,10,CAR,5,C,Newton,Pass,12
Philadelphia Eagles,3rd,1st,10,CAR,17,D,Williams,Rush,-1
Philadelphia Eagles,3rd,2nd,11,CAR,16,C,Newton,Pass,55
Philadelphia Eagles,3rd,1st,10,PHI,29,C,Newton,Pass,0
Philadelphia Eagles,3rd,2nd,10,PHI,29,C,Newton,Rush,-2
Philadelphia Eagles,3rd,3rd,12,PHI,31,C,Newton,Pass,14
Philadelphia Eagles,3rd,1st,10,PHI,17,D,Williams,Rush,3
Philadelphia Eagles,3rd,2nd,7,PHI,14,C,Newton,Pass,9
Philadelphia Eagles,3rd,1st,5,PHI,5,C,Newton,Pass,0
Philadelphia Eagles,3rd,2nd,5,PHI,5,C,Newton,Rush,4
Philadelphia Eagles,3rd,3rd,1,PHI,1,C,Newton,Rush,1
Philadelphia Eagles,3rd,1st,10,CAR,32,J,Stewart,Rush,2
Philadelphia Eagles,3rd,2nd,8,CAR,34,C,Newton,Pass,1
Philadelphia Eagles,3rd,3rd,7,CAR,35,C,Newton,Pass,0
Philadelphia Eagles,3rd,1st,10,CAR,33,D,Williams,Rush,-2
Philadelphia Eagles,3rd,2nd,12,CAR,31,C,Newton,Pass,1
Philadelphia Eagles,3rd,3rd,11,CAR,32,C,Newton,Pass,-17
Philadelphia Eagles,3rd,1st,10,PHI,45,D,Williams,Rush,2
Philadelphia Eagles,3rd,2nd,8,PHI,43,C,Newton,Pass,19
Philadelphia Eagles,4th,1st,10,PHI,24,C,Newton,Pass,12
Philadelphia Eagles,4th,1st,10,PHI,12,C,Newton,Rush,4
Philadelphia Eagles,4th,2nd,6,PHI,8,C,Newton,Rush,3
Philadelphia Eagles,4th,3rd,3,PHI,5,C,Newton,Pass,0
Philadelphia Eagles,4th,1st,10,CAR,40,C,Newton,Pass,31
Philadelphia Eagles,4th,1st,10,PHI,29,D,Williams,Rush,0
Philadelphia Eagles,4th,2nd,10,PHI,29,C,Newton,Pass,0
Philadelphia Eagles,4th,3rd,10,PHI,29,C,Newton,Pass,13
Philadelphia Eagles,4th,1st,6,PHI,6,D,Williams,Rush,4
Philadelphia Eagles,4th,2nd,2,PHI,2,C,Newton,Rush,2
Philadelphia Eagles,4th,1st,20,CAR,39,C,Newton,Pass,6
Philadelphia Eagles,4th,1st,10,50,50,D,Williams,Rush,3
Philadelphia Eagles,4th,2nd,7,PHI,47,D,Williams,Rush,3
Philadelphia Eagles,4th,3rd,4,PHI,44,C,Newton,Pass,10
Philadelphia Eagles,4th,1st,10,PHI,34,D,Williams,Rush,4
Philadelphia Eagles,4th,2nd,6,PHI,30,D,Williams,Rush,3
Philadelphia Eagles,4th,3rd,3,PHI,27,C,Newton,Pass,11
Philadelphia Eagles,4th,1st,10,PHI,16,C,Newton,Rush,-1
Philadelphia Eagles,4th,2nd,11,PHI,17,C,Newton,Rush,-1
Tampa Bay Buccaneers,1st,1st,10,CAR,20,D,Williams,Rush,-4
Tampa Bay Buccaneers,1st,2nd,14,CAR,16,C,Newton,Pass,20
Tampa Bay Buccaneers,1st,1st,10,CAR,36,D,Williams,Rush,-3
Tampa Bay Buccaneers,1st,2nd,13,CAR,33,C,Newton,Pass,0
Tampa Bay Buccaneers,1st,3rd,13,CAR,33,C,Newton,Pass,0
Tampa Bay Buccaneers,1st,1st,10,CAR,20,M,Tolbert,Rush,2
Tampa Bay Buccaneers,1st,2nd,8,CAR,22,C,Newton,Pass,4
Tampa Bay Buccaneers,1st,3rd,4,CAR,26,C,Newton,Pass,0
Tampa Bay Buccaneers,1st,1st,10,CAR,20,C,Newton,Pass,10
Tampa Bay Buccaneers,1st,1st,10,CAR,30,C,Newton,Pass,5
Tampa Bay Buccaneers,2nd,2nd,5,CAR,35,K,Pilares,Rush,5
Tampa Bay Buccaneers,2nd,1st,10,CAR,40,C,Newton,Pass,-6
Tampa Bay Buccaneers,2nd,2nd,16,CAR,34,C,Newton,Pass,31
Tampa Bay Buccaneers,2nd,1st,10,TB,35,C,Newton,Pass,2
Tampa Bay Buccaneers,2nd,2nd,8,TB,33,C,Newton,Rush,-5
Tampa Bay Buccaneers,2nd,3rd,13,TB,38,C,Newton,Pass,0
Tampa Bay Buccaneers,2nd,1st,10,CAR,20,C,Newton,Pass,11
Tampa Bay Buccaneers,2nd,2nd,21,CAR,36,C,Newton,Pass,4
Tampa Bay Buccaneers,2nd,3rd,17,CAR,40,C,Newton,Pass,19
Tampa Bay Buccaneers,2nd,1st,10,TB,41,C,Newton,Pass,6
Tampa Bay Buccaneers,2nd,2nd,4,TB,35,C,Newton,Pass,-2
Tampa Bay Buccaneers,2nd,3rd,11,TB,42,C,Newton,Pass,0
Tampa Bay Buccaneers,3rd,1st,10,CAR,30,D,Williams,Rush,0
Tampa Bay Buccaneers,3rd,2nd,10,CAR,30,C,Newton,Pass,5
Tampa Bay Buccaneers,3rd,3rd,5,CAR,35,C,Newton,Pass,11
Tampa Bay Buccaneers,3rd,1st,10,CAR,46,C,Newton,Pass,32
Tampa Bay Buccaneers,3rd,1st,10,TB,22,C,Newton,Pass,22
Tampa Bay Buccaneers,3rd,1st,10,CAR,20,D,Williams,Rush,1
Tampa Bay Buccaneers,3rd,2nd,9,CAR,21,C,Newton,Pass,12
Tampa Bay Buccaneers,3rd,1st,10,CAR,33,D,Williams,Rush,7
Tampa Bay Buccaneers,3rd,2nd,3,CAR,40,C,Newton,Pass,1
Tampa Bay Buccaneers,4th,1st,10,TB,49,D,Williams,Rush,-2
Tampa Bay Buccaneers,4th,2nd,12,CAR,49,C,Newton,Pass,3
Tampa Bay Buccaneers,4th,3rd,9,TB,48,C,Newton,Pass,0
Tampa Bay Buccaneers,4th,1st,10,CAR,22,C,Newton,Pass,-8
Tampa Bay Buccaneers,4th,2nd,18,CAR,14,C,Newton,Pass,0
Tampa Bay Buccaneers,4th,1st,10,CAR,11,C,Newton,Pass,20
Tampa Bay Buccaneers,4th,1st,10,CAR,31,C,Newton,Pass,51
Tampa Bay Buccaneers,4th,1st,10,TB,18,C,Newton,Pass,7
Tampa Bay Buccaneers,4th,2nd,3,TB,11,C,Newton,Pass,4
Tampa Bay Buccaneers,4th,1st,7,TB,7,C,Newton,Rush,4
Tampa Bay Buccaneers,4th,2nd,3,TB,3,C,Newton,Pass,0
Tampa Bay Buccaneers,4th,3rd,3,TB,3,C,Newton,Rush,0
New Orleans Saints 2,1st,1st,10,CAR,20,C,Newton,Pass,0
New Orleans Saints 2,1st,2nd,10,CAR,20,C,Newton,Pass,4
New Orleans Saints 2,1st,3rd,6,CAR,24,C,Newton,Pass,0
New Orleans Saints 2,1st,1st,10,CAR,22,D,Williams,Rush,-1
New Orleans Saints 2,1st,2nd,11,CAR,21,C,Newton,Pass,11
New Orleans Saints 2,1st,1st,10,CAR,32,C,Newton,Pass,3
New Orleans Saints 2,1st,2nd,7,CAR,35,M,Tolbert,Rush,5
New Orleans Saints 2,1st,3rd,2,CAR,40,C,Newton,Rush,16
New Orleans Saints 2,1st,1st,10,NO,44,D,Williams,Rush,4
New Orleans Saints 2,1st,2nd,6,NO,40,C,Newton,Pass,0
New Orleans Saints 2,1st,3rd,6,NO,40,C,Newton,Pass,19
New Orleans Saints 2,1st,1st,10,NO,21,C,Newton,Pass,0
New Orleans Saints 2,1st,2nd,10,NO,21,C,Newton,Pass,3
New Orleans Saints 2,1st,3rd,7,NO,18,C,Newton,Pass,16
New Orleans Saints 2,1st,1st,2,NO,2,M,Tolbert,Rush,0
New Orleans Saints 2,1st,2nd,2,NO,2,C,Newton,Pass,0
New Orleans Saints 2,1st,3rd,2,NO,2,C,Newton,Pass,0
New Orleans Saints 2,1st,1st,10,CAR,3,M,Tolbert,Rush,2
New Orleans Saints 2,1st,2nd,8,CAR,5,C,Newton,Pass,-3
New Orleans Saints 2,1st,3rd,11,CAR,2,C,Newton,Pass,25
New Orleans Saints 2,1st,1st,10,CAR,27,D,Williams,Rush,4
New Orleans Saints 2,2nd,2nd,6,CAR,31,C,Newton,Pass,0
New Orleans Saints 2,2nd,3rd,6,CAR,31,C,Newton,Pass,17
New Orleans Saints 2,2nd,1st,10,CAR,48,C,Newton,Pass,0
New Orleans Saints 2,2nd,2nd,10,CAR,48,D,Williams,Rush,9
New Orleans Saints 2,2nd,3rd,1,NO,43,M,Tolbert,Rush,5
New Orleans Saints 2,2nd,1st,10,NO,38,C,Newton,Rush,2
New Orleans Saints 2,2nd,2nd,8,NO,36,C,Newton,Pass,0
New Orleans Saints 2,2nd,3rd,8,NO,36,C,Newton,Pass,0
New Orleans Saints 2,2nd,1st,10,CAR,18,C,Newton,Pass,16
New Orleans Saints 2,2nd,1st,10,CAR,34,D,Williams,Rush,65
New Orleans Saints 2,2nd,1st,1,NO,1,M,Tolbert,Rush,1
New Orleans Saints 2,2nd,1st,10,CAR,20,D,Williams,Rush,4
New Orleans Saints 2,2nd,1st,10,CAR,27,D,Williams,Rush,22
New Orleans Saints 2,2nd,1st,10,CAR,49,B,LaFell,Rush,4
New Orleans Saints 2,2nd,2nd,6,NO,47,C,Newton,Pass,17
New Orleans Saints 2,2nd,1st,10,NO,30,C,Newton,Rush,3
New Orleans Saints 2,2nd,2nd,7,NO,27,C,Newton,Pass,12
New Orleans Saints 2,2nd,1st,10,NO,15,C,Newton,Pass,0
New Orleans Saints 2,2nd,2nd,10,NO,15,C,Newton,Rush,2
New Orleans Saints 2,2nd,3rd,8,NO,13,C,Newton,Pass,0
New Orleans Saints 2,3rd,1st,10,CAR,20,D,Williams,Rush,-1
New Orleans Saints 2,3rd,3rd,18,CAR,12,C,Newton,Pass,34
New Orleans Saints 2,3rd,1st,10,CAR,46,D,Williams,Rush,54
New Orleans Saints 2,3rd,1st,10,CAR,35,D,Williams,Rush,2
New Orleans Saints 2,3rd,2nd,8,CAR,37,C,Newton,Pass,0
New Orleans Saints 2,3rd,3rd,8,CAR,37,C,Newton,Pass,9
New Orleans Saints 2,3rd,1st,15,CAR,41,D,Williams,Rush,5
New Orleans Saints 2,3rd,2nd,10,CAR,46,C,Newton,Pass,0
New Orleans Saints 2,3rd,3rd,10,CAR,46,C,Newton,Pass,0
New Orleans Saints 2,3rd,1st,10,NO,36,C,Newton,Pass,31
New Orleans Saints 2,3rd,1st,5,NO,5,D,Williams,Rush,4
New Orleans Saints 2,3rd,2nd,1,NO,1,M,Tolbert,Rush,1
New Orleans Saints 2,4th,1st,10,NO,43,C,Newton,Pass,6
New Orleans Saints 2,4th,2nd,4,NO,37,D,Williams,Rush,2
New Orleans Saints 2,4th,1st,10,NO,30,D,Williams,Rush,7
New Orleans Saints 2,4th,2nd,3,NO,23,D,Williams,Rush,-1
New Orleans Saints 2,4th,3rd,4,NO,24,D,Anderson,Pass,12
New Orleans Saints 2,4th,1st,10,NO,12,C,Newton,Pass,0
New Orleans Saints 2,4th,2nd,10,NO,12,C,Newton,Pass,11
New Orleans Saints 2,4th,1st,1,NO,1,M,Tolbert,Rush,1
New Orleans Saints 2,4th,1st,10,NO,12,D,Williams,Rush,12
New Orleans Saints 2,4th,1st,10,NO,29,D,Williams,Rush,0
New Orleans Saints 2,4th,2nd,10,NO,29,D,Williams,Rush,0
New Orleans Saints 2,4th,3rd,10,NO,29,D,Williams,Rush,5
New Orleans Saints 2,4th,1st,10,NO,25,D,Williams,Rush,11
New Orleans Saints 2,4th,1st,10,NO,14,M,Tolbert,Rush,3
New Orleans Saints 2,4th,2nd,7,NO,11,M,Tolbert,Rush,5
New Orleans Saints 2,4th,3rd,2,NO,6,M,Tolbert,Rush,2
New Orleans Saints 2,4th,1st,4,NO,4,C,Newton,Rush,-1
Washington Redskins,1st,1st,10,CAR,20,C,Newton,Pass,13
Washington Redskins,1st,1st,10,CAR,33,C,Newton,Pass,0
Washington Redskins,1st,2nd,10,CAR,33,J,Stewart,Rush,11
Washington Redskins,1st,1st,10,CAR,44,D,Williams,Rush,4
Washington Redskins,1st,2nd,6,CAR,48,C,Newton,Pass,13
Washington Redskins,1st,1st,10,WSH,39,C,Newton,Pass,0
Washington Redskins,1st,2nd,10,WSH,39,J,Stewart,Rush,1
Washington Redskins,1st,3rd,9,WSH,38,C,Newton,Pass,0
Washington Redskins,1st,1st,10,CAR,31,J,Stewart,Rush,1
Washington Redskins,1st,2nd,9,CAR,32,C,Newton,Pass,8
Washington Redskins,1st,3rd,1,CAR,40,C,Newton,Rush,3
Washington Redskins,1st,1st,10,CAR,43,C,Newton,Pass,0
Washington Redskins,1st,2nd,10,CAR,43,J,Stewart,Rush,17
Washington Redskins,1st,1st,10,WSH,40,C,Newton,Rush,10
Washington Redskins,1st,1st,10,WSH,30,D,Williams,Rush,30
Washington Redskins,2nd,1st,10,CAR,2,M,Tolbert,Rush,1
Washington Redskins,2nd,2nd,9,CAR,3,C,Newton,Pass,7
Washington Redskins,2nd,3rd,2,CAR,10,C,Newton,Rush,11
Washington Redskins,2nd,1st,10,CAR,21,C,Newton,Pass,4
Washington Redskins,2nd,2nd,6,CAR,25,C,Newton,Rush,0
Washington Redskins,2nd,3rd,6,CAR,25,C,Newton,Pass,17
Washington Redskins,2nd,1st,10,CAR,42,C,Newton,Pass,6
Washington Redskins,2nd,1st,10,WSH,37,C,Newton,Pass,3
Washington Redskins,2nd,2nd,7,WSH,34,C,Newton,Pass,8
Washington Redskins,2nd,1st,10,WSH,19,C,Newton,Pass,0
Washington Redskins,2nd,2nd,10,WSH,19,C,Newton,Pass,0
Washington Redskins,2nd,3rd,10,WSH,19,C,Newton,Pass,19
Washington Redskins,3rd,1st,10,CAR,17,C,Newton,Pass,5
Washington Redskins,3rd,2nd,5,CAR,22,D,Williams,Rush,1
Washington Redskins,3rd,3rd,4,CAR,23,C,Newton,Pass,0
Washington Redskins,3rd,1st,22,CAR,13,J,Stewart,Rush,21
Washington Redskins,3rd,2nd,1,CAR,34,M,Tolbert,Rush,3
Washington Redskins,3rd,1st,10,CAR,37,C,Newton,Pass,0
Washington Redskins,3rd,2nd,15,CAR,32,C,Newton,Pass,14
Washington Redskins,3rd,3rd,1,CAR,46,M,Tolbert,Rush,0
Washington Redskins,4th,1st,10,CAR,9,C,Newton,Pass,82
Washington Redskins,4th,1st,9,WSH,9,D,Williams,Rush,3
Washington Redskins,4th,1st,1,WSH,1,G,Williams,Rush,1
Washington Redskins,4th,1st,10,CAR,45,C,Newton,Pass,5
Washington Redskins,4th,2nd,5,50,50,D,Williams,Rush,1
Washington Redskins,4th,3rd,4,WSH,49,C,Newton,Rush,5
Washington Redskins,4th,1st,10,WSH,44,J,Stewart,Rush,3
Washington Redskins,4th,2nd,7,WSH,41,J,Stewart,Rush,-2
Washington Redskins,4th,3rd,9,WSH,43,C,Newton,Pass,0
Washington Redskins,4th,1st,10,WSH,34,D,Williams,Rush,-2
Washington Redskins,4th,2nd,12,WSH,36,C,Newton,Pass,0
Washington Redskins,4th,3rd,12,WSH,36,C,Newton,Pass,4
Washington Redskins,4th,1st,5,WSH,44,J,Stewart,Rush,1
Washington Redskins,4th,2nd,4,WSH,43,J,Stewart,Rush,0
Washington Redskins,4th,3rd,4,WSH,43,J,Stewart,Rush,-2
San Diego Chargers,1st,1st,10,CAR,20,D,Williams,Rush,2
San Diego Chargers,1st,2nd,8,CAR,22,C,Newton,Pass,20
San Diego Chargers,1st,1st,10,CAR,42,C,Newton,Pass,0
San Diego Chargers,1st,1st,10,SD,36,D,Williams,Rush,12
San Diego Chargers,1st,1st,10,SD,24,C,Newton,Rush,3
San Diego Chargers,1st,2nd,7,SD,21,C,Newton,Pass,6
San Diego Chargers,1st,3rd,1,SD,15,M,Tolbert,Rush,4
San Diego Chargers,1st,1st,10,SD,11,M,Tolbert,Rush,6
San Diego Chargers,1st,2nd,4,SD,5,C,Newton,Rush,3
San Diego Chargers,1st,3rd,1,SD,2,C,Newton,Pass,0
San Diego Chargers,1st,4th,1,SD,2,C,Newton,Rush,1
San Diego Chargers,1st,1st,1,SD,1,M,Tolbert,Rush,1
San Diego Chargers,1st,1st,10,SD,21,C,Newton,Pass,8
San Diego Chargers,1st,1st,5,SD,5,D,Williams,Rush,4
San Diego Chargers,1st,2nd,1,SD,1,M,Tolbert,Rush,1
San Diego Chargers,1st,1st,10,CAR,28,D,Williams,Rush,15
San Diego Chargers,1st,1st,5,CAR,48,C,Newton,Pass,0
San Diego Chargers,1st,2nd,5,CAR,48,D,Williams,Rush,1
San Diego Chargers,1st,3rd,4,CAR,49,C,Newton,Pass,6
San Diego Chargers,1st,1st,10,SD,45,C,Newton,Pass,0
San Diego Chargers,1st,2nd,10,SD,45,C,Newton,Pass,45
San Diego Chargers,2nd,1st,10,CAR,4,C,Newton,Pass,0
San Diego Chargers,2nd,2nd,10,CAR,4,M,Tolbert,Rush,2
San Diego Chargers,2nd,1st,10,CAR,11,D,Williams,Rush,6
San Diego Chargers,2nd,2nd,4,CAR,17,C,Newton,Pass,11
San Diego Chargers,2nd,1st,10,CAR,28,C,Newton,Pass,-6
San Diego Chargers,2nd,2nd,16,CAR,22,C,Newton,Pass,13
San Diego Chargers,2nd,3rd,3,CAR,35,C,Newton,Pass,7
San Diego Chargers,2nd,1st,10,CAR,42,C,Newton,Pass,0
San Diego Chargers,2nd,2nd,10,CAR,42,D,Williams,Rush,7
San Diego Chargers,2nd,3rd,3,CAR,49,C,Newton,Pass,0
San Diego Chargers,2nd,1st,10,SD,36,C,Newton,Pass,-8
San Diego Chargers,2nd,2nd,18,SD,44,C,Newton,Pass,0
San Diego Chargers,2nd,3rd,18,SD,44,C,Newton,Pass,0
San Diego Chargers,2nd,1st,10,CAR,24,C,Newton,Pass,18
San Diego Chargers,2nd,1st,10,CAR,42,C,Newton,Pass,4
San Diego Chargers,2nd,2nd,6,CAR,46,C,Newton,Pass,0
San Diego Chargers,2nd,3rd,6,CAR,46,C,Newton,Pass,12
San Diego Chargers,2nd,1st,10,SD,42,C,Newton,Pass,11
San Diego Chargers,2nd,1st,10,SD,31,C,Newton,Pass,26
San Diego Chargers,2nd,1st,15,SD,15,C,Newton,Pass,0
San Diego Chargers,2nd,2nd,15,SD,15,C,Newton,Pass,0
San Diego Chargers,2nd,3rd,15,SD,15,C,Newton,Pass,0
San Diego Chargers,3rd,1st,10,CAR,44,D,Williams,Rush,3
San Diego Chargers,3rd,2nd,7,CAR,47,C,Newton,Pass,9
San Diego Chargers,3rd,1st,10,SD,44,C,Newton,Pass,12
San Diego Chargers,3rd,1st,10,SD,32,D,Williams,Rush,9
San Diego Chargers,3rd,2nd,1,SD,23,D,Williams,Rush,9
San Diego Chargers,3rd,1st,10,SD,14,D,Williams,Rush,9
San Diego Chargers,3rd,2nd,1,SD,5,D,Williams,Rush,1
San Diego Chargers,3rd,1st,4,SD,4,C,Newton,Pass,4
San Diego Chargers,3rd,1st,10,CAR,38,D,Williams,Rush,3
San Diego Chargers,3rd,2nd,7,CAR,41,M,Tolbert,Rush,4
San Diego Chargers,3rd,3rd,3,CAR,45,C,Newton,Pass,0
San Diego Chargers,3rd,1st,10,CAR,20,D,Williams,Rush,2
San Diego Chargers,3rd,2nd,8,CAR,22,C,Newton,Pass,7
San Diego Chargers,3rd,3rd,1,CAR,29,M,Tolbert,Rush,3
San Diego Chargers,4th,1st,10,CAR,18,D,Williams,Rush,0
San Diego Chargers,4th,3rd,14,CAR,14,M,Tolbert,Rush,6
San Diego Chargers,4th,1st,10,CAR,23,D,Williams,Rush,8
San Diego Chargers,4th,2nd,2,CAR,31,D,Williams,Rush,1
San Diego Chargers,4th,3rd,1,CAR,32,D,Williams,Rush,1
San Diego Chargers,4th,1st,10,CAR,33,D,Williams,Rush,0
San Diego Chargers,4th,2nd,10,CAR,33,M,Tolbert,Rush,13
San Diego Chargers,4th,1st,10,CAR,46,D,Williams,Rush,1
San Diego Chargers,4th,2nd,9,CAR,47,C,Newton,Pass,5
San Diego Chargers,4th,3rd,4,SD,48,D,Williams,Rush,7
San Diego Chargers,4th,1st,10,SD,41,A,Smith,Rush,-2
San Diego Chargers,4th,2nd,12,SD,43,A,Smith,Rush,3
San Diego Chargers,4th,3rd,9,SD,40,A,Smith,Rush,-1
New York Giants,1st,1st,10,CAR,18,D,Williams,Rush,5
New York Giants,1st,2nd,5,CAR,23,C,Newton,Pass,0
New York Giants,1st,1st,10,CAR,26,C,Newton,Pass,23
New York Giants,1st,1st,10,CAR,49,D,Williams,Rush,7
New York Giants,1st,2nd,3,NYG,44,D,Williams,Rush,0
New York Giants,1st,3rd,3,NYG,44,C,Newton,Rush,0
New York Giants,1st,1st,10,CAR,18,C,Newton,Pass,0
New York Giants,1st,2nd,10,CAR,18,D,Williams,Rush,16
New York Giants,1st,1st,10,CAR,34,D,Williams,Rush,5
New York Giants,1st,2nd,5,CAR,39,C,Newton,Rush,0
New York Giants,1st,3rd,5,CAR,39,C,Newton,Pass,0
New York Giants,2nd,1st,10,CAR,21,C,Newton,Pass,0
New York Giants,2nd,2nd,10,CAR,21,C,Newton,Pass,0
New York Giants,2nd,3rd,10,CAR,21,C,Newton,Pass,27
New York Giants,2nd,1st,10,CAR,48,D,Williams,Rush,7
New York Giants,2nd,2nd,3,NYG,45,D,Williams,Rush,0
New York Giants,2nd,3rd,3,NYG,45,C,Newton,Pass,-9
New York Giants,2nd,1st,10,CAR,20,C,Newton,Pass,13
New York Giants,2nd,1st,10,CAR,33,C,Newton,Pass,18
New York Giants,2nd,1st,10,NYG,49,C,Newton,Pass,9
New York Giants,2nd,2nd,1,NYG,40,M,Tolbert,Rush,1
New York Giants,2nd,1st,10,NYG,39,C,Newton,Pass,0
New York Giants,2nd,1st,10,CAR,7,M,Tolbert,Rush,4
New York Giants,3rd,1st,10,CAR,0,C,Newton,Pass,14
New York Giants,3rd,2nd,10,CAR,34,C,Newton,Pass,0
New York Giants,3rd,3rd,10,CAR,34,D,Williams,Rush,2
New York Giants,3rd,4th,8,CAR,36,C,Newton,Pass,17
New York Giants,3rd,1st,10,NYG,47,M,Tolbert,Rush,0
New York Giants,3rd,2nd,10,NYG,47,C,Newton,Pass,16
New York Giants,3rd,1st,10,NYG,31,C,Newton,Pass,7
New York Giants,3rd,2nd,3,NYG,24,D,Williams,Rush,2
New York Giants,3rd,3rd,1,NYG,22,C,Newton,Rush,2
New York Giants,3rd,1st,10,NYG,20,C,Newton,Pass,11
New York Giants,3rd,1st,0,NYG,9,D,Williams,Rush,8
New York Giants,3rd,2nd,0,NYG,1,C,Newton,Rush,0
New York Giants,3rd,3rd,0,NYG,1,C,Newton,Rush,1
New York Giants,3rd,1st,10,CAR,0,N,Cam,Pass,12
New York Giants,4th,1st,10,CAR,45,C,Newton,Pass,16
New York Giants,4th,1st,10,NYG,39,C,Newton,Pass,-13
New York Giants,4th,2nd,22,CAR,49,C,Newton,Pass,0
New York Giants,4th,1st,10,CAR,25,C,Newton,Pass,33
New York Giants,4th,1st,10,NYG,42,C,Newton,Pass,3
New York Giants,4th,2nd,7,NYG,39,C,Newton,Pass,5
New York Giants,4th,1st,10,NYG,29,C,Newton,Pass,4
New York Giants,4th,2nd,6,NYG,25,C,Newton,Pass,17
New York Giants,4th,1st,0,NYG,8,C,Newton,Pass,0
New York Giants,4th,2nd,0,NYG,8,C,Newton,Pass,0
New York Giants,4th,3rd,0,NYG,8,C,Newton,Pass,0
New York Giants,4th,1st,5,CAR,17,D,Anderson,Pass,23
New York Giants,4th,1st,10,CAR,40,D,Anderson,Pass,9
New York Giants,4th,2nd,1,CAR,49,D,Anderson,Pass,14
Chicago Bears,1st,1st,10,CAR,20,J,Stewart,Rush,2
Chicago Bears,1st,2nd,8,CAR,22,C,Newton,Pass,0
Chicago Bears,1st,3rd,8,CAR,22,C,Newton,Pass,18
Chicago Bears,1st,1st,10,CAR,40,C,Newton,Pass,0
Chicago Bears,1st,2nd,10,CAR,40,J,Stewart,Rush,-1
Chicago Bears,1st,3rd,11,CAR,39,C,Newton,Pass,10
Chicago Bears,1st,1st,10,CAR,5,J,Stewart,Rush,0
Chicago Bears,1st,2nd,10,CAR,5,J,Stewart,Rush,2
Chicago Bears,1st,3rd,8,CAR,7,C,Newton,Pass,9
Chicago Bears,1st,1st,10,CAR,16,M,Tolbert,Rush,4
Chicago Bears,1st,2nd,6,CAR,20,C,Newton,Pass,0
Chicago Bears,1st,3rd,6,CAR,20,C,Newton,Pass,-6
Chicago Bears,1st,1st,10,CAR,20,C,Newton,Pass,62
Chicago Bears,1st,1st,20,CHI,28,C,Newton,Pass,5
Chicago Bears,1st,2nd,15,CHI,23,C,Newton,Pass,0
Chicago Bears,1st,3rd,15,CHI,23,C,Newton,Pass,7
Chicago Bears,1st,1st,10,CHI,16,D,Williams,Rush,7
Chicago Bears,2nd,2nd,3,CHI,9,C,Newton,Pass,0
Chicago Bears,2nd,1st,10,CAR,29,J,Stewart,Rush,-2
Chicago Bears,2nd,2nd,12,CAR,27,C,Newton,Pass,9
Chicago Bears,2nd,3rd,3,CAR,36,C,Newton,Pass,8
Chicago Bears,2nd,1st,10,CAR,44,C,Newton,Pass,0
Chicago Bears,2nd,2nd,10,CAR,44,J,Stewart,Rush,1
Chicago Bears,2nd,1st,10,50,50,C,Newton,Pass,0
Chicago Bears,2nd,2nd,10,50,50,J,Stewart,Rush,9
Chicago Bears,2nd,3rd,1,CHI,41,J,Stewart,Rush,0
Chicago Bears,2nd,4th,1,CHI,41,C,Newton,Rush,2
Chicago Bears,2nd,1st,10,CHI,39,J,Stewart,Rush,1
Chicago Bears,2nd,2nd,9,CHI,38,C,Newton,Pass,15
Chicago Bears,2nd,1st,10,CHI,23,C,Newton,Pass,0
Chicago Bears,2nd,2nd,10,CHI,23,C,Newton,Pass,10
Chicago Bears,2nd,1st,10,CHI,13,D,Williams,Rush,3
Chicago Bears,2nd,2nd,7,CHI,10,D,Williams,Rush,-3
Chicago Bears,2nd,3rd,10,CHI,13,C,Newton,Pass,0
Chicago Bears,2nd,1st,10,CAR,15,C,Newton,Pass,0
Chicago Bears,2nd,2nd,10,CAR,15,J,Stewart,Rush,2
Chicago Bears,2nd,3rd,3,CAR,22,C,Newton,Pass,14
Chicago Bears,2nd,2nd,21,CAR,25,J,Stewart,Rush,13
Chicago Bears,2nd,3rd,8,CAR,38,C,Newton,Pass,18
Chicago Bears,2nd,1st,10,CHI,44,C,Newton,Pass,4
Chicago Bears,2nd,1st,10,CHI,39,C,Newton,Pass,6
Chicago Bears,2nd,2nd,4,CHI,33,C,Newton,Pass,0
Chicago Bears,3rd,1st,10,CAR,6,C,Newton,Pass,18
Chicago Bears,3rd,1st,10,CAR,24,J,Stewart,Rush,-1
Chicago Bears,3rd,2nd,11,CAR,23,C,Newton,Pass,25
Chicago Bears,3rd,1st,10,CAR,48,D,Williams,Rush,-1
Chicago Bears,3rd,2nd,11,CAR,47,D,Williams,Rush,1
Chicago Bears,3rd,3rd,10,CAR,48,C,Newton,Pass,15
Chicago Bears,3rd,1st,10,CHI,37,D,Williams,Rush,17
Chicago Bears,3rd,1st,10,CHI,20,D,Williams,Rush,1
Chicago Bears,3rd,1st,9,CHI,9,J,Stewart,Rush,5
Chicago Bears,3rd,2nd,4,CHI,4,C,Newton,Pass,0
Chicago Bears,3rd,3rd,4,CHI,4,C,Newton,Pass,0
Chicago Bears,3rd,1st,10,CAR,12,J,Stewart,Rush,6
Chicago Bears,3rd,2nd,4,CAR,18,C,Newton,Pass,3
Chicago Bears,3rd,3rd,1,CAR,21,C,Newton,Rush,7
Chicago Bears,3rd,1st,10,CAR,28,C,Newton,Pass,47
Chicago Bears,3rd,1st,10,CHI,25,D,Williams,Rush,0
Chicago Bears,3rd,2nd,10,CHI,25,C,Newton,Pass,0
Chicago Bears,3rd,3rd,10,CHI,25,C,Newton,Pass,0
Chicago Bears,4th,1st,10,CAR,23,C,Newton,Pass,8
Chicago Bears,4th,2nd,2,CAR,31,J,Stewart,Rush,1
Chicago Bears,4th,3rd,1,CAR,32,M,Tolbert,Rush,0
Chicago Bears,4th,1st,10,CAR,20,D,Williams,Rush,1
Chicago Bears,4th,1st,10,CAR,36,C,Newton,Pass,7
Chicago Bears,4th,2nd,3,CAR,43,J,Stewart,Rush,2
Chicago Bears,4th,3rd,1,CAR,45,C,Newton,Rush,16
Chicago Bears,4th,1st,10,CHI,39,D,Williams,Rush,8
Chicago Bears,4th,2nd,2,CHI,31,D,Williams,Rush,-1
Chicago Bears,4th,3rd,3,CHI,32,M,Tolbert,Rush,3
Chicago Bears,4th,1st,10,CHI,29,J,Stewart,Rush,2
Chicago Bears,4th,2nd,8,CHI,27,C,Newton,Pass,0
Chicago Bears,4th,3rd,8,CHI,27,C,Newton,Pass,0
Atlanta Falcons,1st,1st,10,CAR,47,C,Newton,Pass,3
Atlanta Falcons,1st,2nd,7,50,50,C,Newton,Rush,32
Atlanta Falcons,1st,1st,10,ATL,18,J,Stewart,Rush,-1
Atlanta Falcons,1st,2nd,11,ATL,19,C,Newton,Pass,2
Atlanta Falcons,1st,3rd,9,ATL,17,C,Newton,Pass,17
Atlanta Falcons,1st,1st,10,CAR,21,C,Newton,Pass,11
Atlanta Falcons,1st,1st,10,CAR,32,J,Stewart,Rush,1
Atlanta Falcons,1st,2nd,9,CAR,33,C,Newton,Pass,0
Atlanta Falcons,1st,3rd,9,CAR,33,C,Newton,Pass,0
Atlanta Falcons,2nd,1st,10,CAR,21,D,Williams,Rush,10
Atlanta Falcons,2nd,1st,10,CAR,31,D,Williams,Rush,13
Atlanta Falcons,2nd,1st,10,CAR,44,D,Williams,Rush,2
Atlanta Falcons,2nd,2nd,8,CAR,46,C,Newton,Pass,8
Atlanta Falcons,2nd,1st,10,ATL,46,J,Stewart,Rush,6
Atlanta Falcons,2nd,2nd,4,ATL,40,C,Newton,Pass,27
Atlanta Falcons,2nd,1st,10,ATL,13,D,Williams,Rush,13
Atlanta Falcons,2nd,1st,10,CAR,19,J,Stewart,Rush,7
Atlanta Falcons,2nd,2nd,3,CAR,26,D,Williams,Rush,-2
Atlanta Falcons,2nd,3rd,5,CAR,24,C,Newton,Pass,0
Atlanta Falcons,2nd,1st,10,CAR,20,C,Newton,Pass,8
Atlanta Falcons,2nd,2nd,2,CAR,28,M,Tolbert,Rush,4
Atlanta Falcons,2nd,1st,10,CAR,32,C,Newton,Pass,8
Atlanta Falcons,2nd,2nd,2,CAR,40,C,Newton,Pass,6
Atlanta Falcons,2nd,1st,10,CAR,46,C,Newton,Pass,0
Atlanta Falcons,2nd,2nd,20,CAR,36,C,Newton,Pass,6
Atlanta Falcons,2nd,3rd,14,CAR,42,C,Newton,Pass,2
Atlanta Falcons,3rd,1st,10,CAR,20,C,Newton,Pass,8
Atlanta Falcons,3rd,2nd,2,CAR,28,J,Stewart,Rush,1
Atlanta Falcons,3rd,3rd,1,CAR,29,J,Stewart,Rush,1
Atlanta Falcons,3rd,1st,10,CAR,30,C,Newton,Pass,0
Atlanta Falcons,3rd,2nd,10,CAR,30,M,Tolbert,Rush,1
Atlanta Falcons,3rd,3rd,9,CAR,31,C,Newton,Pass,0
Atlanta Falcons,3rd,1st,10,CAR,23,D,Williams,Rush,3
Atlanta Falcons,3rd,2nd,12,CAR,21,C,Newton,Pass,17
Atlanta Falcons,3rd,1st,10,CAR,38,M,Tolbert,Rush,6
Atlanta Falcons,3rd,2nd,4,CAR,44,C,Newton,Rush,5
Atlanta Falcons,3rd,1st,10,CAR,49,C,Newton,Pass,0
Atlanta Falcons,3rd,2nd,10,CAR,49,C,Newton,Pass,12
Atlanta Falcons,3rd,1st,10,ATL,39,A,Edwards,Pass,0
Atlanta Falcons,3rd,2nd,10,ATL,39,C,Newton,Pass,18
Atlanta Falcons,3rd,1st,10,ATL,21,D,Williams,Rush,2
Atlanta Falcons,3rd,2nd,8,ATL,19,C,Newton,Pass,0
Atlanta Falcons,3rd,3rd,8,ATL,19,C,Newton,Pass,15
Atlanta Falcons,3rd,1st,4,ATL,4,C,Newton,Rush,4
Atlanta Falcons,3rd,1st,10,CAR,33,D,Williams,Rush,-1
Atlanta Falcons,4th,2nd,16,CAR,27,C,Newton,Pass,11
Atlanta Falcons,4th,3rd,5,CAR,38,C,Newton,Pass,6
Atlanta Falcons,4th,1st,10,CAR,12,C,Newton,Pass,34
Atlanta Falcons,4th,1st,10,CAR,46,M,Tolbert,Rush,3
Atlanta Falcons,4th,2nd,7,CAR,49,J,Stewart,Rush,15
Atlanta Falcons,4th,1st,10,ATL,36,J,Stewart,Rush,5
Atlanta Falcons,4th,3rd,10,ATL,36,C,Newton,Pass,36
Atlanta Falcons,4th,1st,10,CAR,20,D,Williams,Rush,1
Atlanta Falcons,4th,2nd,9,CAR,21,J,Stewart,Rush,1
Atlanta Falcons,4th,3rd,8,CAR,22,C,Newton,Pass,0
Atlanta Falcons,4th,1st,10,CAR,32,J,Stewart,Rush,4
Atlanta Falcons,4th,2nd,6,CAR,36,C,Newton,Rush,10
Atlanta Falcons,4th,1st,10,CAR,46,D,Williams,Rush,4
Atlanta Falcons,4th,2nd,6,50,50,D,Williams,Rush,4
Atlanta Falcons,4th,1st,10,CAR,20,C,Newton,Pass,-5
Denver Broncos,1st,1st,10,CAR,23,J,Stewart,Rush,2
Denver Broncos,1st,2nd,8,CAR,25,C,Newton,Pass,26
Denver Broncos,1st,1st,10,DEN,49,C,Newton,Pass,26
Denver Broncos,1st,1st,10,DEN,23,D,Williams,Rush,3
Denver Broncos,1st,2nd,7,DEN,20,C,Newton,Pass,16
Denver Broncos,1st,1st,4,DEN,4,C,Newton,Pass,4
Denver Broncos,1st,1st,10,CAR,7,C,Newton,Pass,0
Denver Broncos,1st,2nd,10,CAR,7,J,Stewart,Rush,2
Denver Broncos,1st,3rd,8,CAR,9,C,Newton,Pass,0
Denver Broncos,1st,1st,10,CAR,20,C,Newton,Pass,0
Denver Broncos,1st,2nd,10,CAR,20,C,Newton,Rush,6
Denver Broncos,2nd,1st,10,CAR,20,D,Williams,Rush,0
Denver Broncos,2nd,2nd,10,CAR,20,C,Newton,Pass,0
Denver Broncos,2nd,3rd,10,CAR,20,C,Newton,Pass,0
Denver Broncos,2nd,1st,10,CAR,22,S,Smith,Rush,2
Denver Broncos,2nd,2nd,8,CAR,24,J,Stewart,Rush,0
Denver Broncos,2nd,3rd,18,CAR,14,C,Newton,Pass,8
Denver Broncos,2nd,1st,10,CAR,33,C,Newton,Pass,19
Denver Broncos,2nd,1st,10,DEN,48,C,Newton,Pass,19
Denver Broncos,2nd,1st,10,DEN,29,C,Newton,Pass,0
Denver Broncos,2nd,2nd,10,DEN,29,C,Newton,Pass,0
Denver Broncos,2nd,3rd,10,DEN,29,C,Newton,Pass,4
Denver Broncos,3rd,1st,10,CAR,23,J,Stewart,Rush,6
Denver Broncos,3rd,2nd,4,CAR,29,J,Stewart,Rush,2
Denver Broncos,3rd,3rd,2,CAR,31,C,Newton,Pass,-9
Denver Broncos,3rd,1st,15,CAR,6,D,Williams,Rush,-5
Denver Broncos,3rd,2nd,20,CAR,1,C,Newton,Pass,21
Denver Broncos,3rd,1st,10,CAR,22,C,Newton,Pass,0
Denver Broncos,3rd,1st,10,CAR,35,D,Williams,Rush,0
Denver Broncos,3rd,2nd,10,CAR,35,C,Newton,Pass,0
Denver Broncos,3rd,3rd,10,CAR,35,C,Newton,Pass,-3
Denver Broncos,3rd,1st,10,CAR,22,D,Williams,Rush,4
Denver Broncos,3rd,2nd,6,CAR,26,C,Newton,Pass,4
Denver Broncos,3rd,3rd,2,CAR,30,C,Newton,Rush,-4
Denver Broncos,4th,2nd,14,CAR,16,C,Newton,Pass,0
Denver Broncos,4th,3rd,14,CAR,16,C,Newton,Pass,0
Denver Broncos,4th,1st,15,CAR,6,C,Newton,Pass,8
Denver Broncos,4th,2nd,7,CAR,14,C,Newton,Pass,-12
Denver Broncos,4th,3rd,19,CAR,2,C,Newton,Pass,-2
Denver Broncos,4th,1st,10,CAR,23,J,Stewart,Rush,9
Denver Broncos,4th,2nd,6,CAR,27,C,Newton,Pass,4
Denver Broncos,4th,1st,10,CAR,36,C,Newton,Pass,13
Denver Broncos,4th,1st,10,CAR,49,C,Newton,Pass,8
Denver Broncos,4th,2nd,2,DEN,43,M,Tolbert,Rush,3
Denver Broncos,4th,1st,10,DEN,40,C,Newton,Pass,18
Denver Broncos,4th,1st,10,DEN,22,C,Newton,Pass,9
Denver Broncos,4th,2nd,1,DEN,13,M,Tolbert,Rush,3
Denver Broncos,4th,1st,5,DEN,5,C,Newton,Pass,0
Denver Broncos,4th,2nd,5,DEN,5,C,Newton,Pass,5
Denver Broncos,4th,1st,10,CAR,20,C,Newton,Pass,17
Denver Broncos,4th,1st,10,DEN,48,C,Newton,Pass,8
Denver Broncos,4th,2nd,2,DEN,40,D,Williams,Rush,4
Denver Broncos,4th,1st,10,DEN,36,C,Newton,Pass,0
Denver Broncos,4th,2nd,10,DEN,36,C,Newton,Pass,-1
Atlanta Falcons 2,1st,1st,10,CAR,23,C,Newton,Pass,4
Atlanta Falcons 2,1st,2nd,6,CAR,27,D,Williams,Rush,4
Atlanta Falcons 2,1st,3rd,2,CAR,31,C,Newton,Pass,10
Atlanta Falcons 2,1st,1st,10,CAR,41,C,Newton,Pass,6
Atlanta Falcons 2,1st,2nd,4,CAR,47,D,Williams,Rush,6
Atlanta Falcons 2,1st,1st,10,ATL,47,C,Newton,Pass,6
Atlanta Falcons 2,1st,2nd,4,ATL,41,J,Adams,Rush,3
Atlanta Falcons 2,1st,3rd,1,ATL,38,M,Tolbert,Rush,7
Atlanta Falcons 2,1st,1st,10,ATL,31,D,Williams,Rush,3
Atlanta Falcons 2,1st,2nd,7,ATL,28,C,Newton,Pass,3
Atlanta Falcons 2,1st,3rd,4,ATL,25,C,Newton,Pass,25
Atlanta Falcons 2,1st,1st,10,CAR,22,C,Newton,Pass,8
Atlanta Falcons 2,1st,2nd,2,CAR,30,D,Williams,Rush,5
Atlanta Falcons 2,1st,1st,10,CAR,35,D,Williams,Rush,5
Atlanta Falcons 2,1st,2nd,5,CAR,40,D,Williams,Rush,13
Atlanta Falcons 2,1st,1st,10,ATL,47,M,Tolbert,Rush,0
Atlanta Falcons 2,1st,2nd,10,ATL,47,C,Newton,Pass,7
Atlanta Falcons 2,1st,3rd,3,ATL,40,C,Newton,Rush,2
Atlanta Falcons 2,1st,4th,1,ATL,38,C,Newton,Rush,2
Atlanta Falcons 2,2nd,1st,10,ATL,36,C,Newton,Pass,-1
Atlanta Falcons 2,2nd,2nd,11,ATL,37,C,Newton,Pass,0
Atlanta Falcons 2,2nd,3rd,11,ATL,37,C,Newton,Pass,14
Atlanta Falcons 2,2nd,1st,10,ATL,23,D,Williams,Rush,0
Atlanta Falcons 2,2nd,2nd,10,ATL,23,C,Newton,Pass,16
Atlanta Falcons 2,2nd,1st,7,ATL,7,D,Williams,Rush,1
Atlanta Falcons 2,2nd,2nd,6,ATL,6,C,Newton,Pass,0
Atlanta Falcons 2,2nd,3rd,6,ATL,6,C,Newton,Pass,0
Atlanta Falcons 2,2nd,1st,10,CAR,25,C,Newton,Pass,20
Atlanta Falcons 2,2nd,1st,10,CAR,45,C,Newton,Pass,15
Atlanta Falcons 2,2nd,1st,15,ATL,45,C,Newton,Pass,22
Atlanta Falcons 2,2nd,1st,10,ATL,23,C,Newton,Pass,-7
Atlanta Falcons 2,2nd,2nd,17,ATL,30,C,Newton,Pass,7
Atlanta Falcons 2,2nd,3rd,10,ATL,23,C,Newton,Pass,0
Atlanta Falcons 2,2nd,1st,10,CAR,28,D,Williams,Rush,1
Atlanta Falcons 2,2nd,2nd,9,CAR,29,C,Newton,Pass,3
Atlanta Falcons 2,2nd,3rd,6,CAR,32,C,Newton,Pass,21
Atlanta Falcons 2,2nd,1st,10,ATL,47,C,Newton,Pass,0
Atlanta Falcons 2,2nd,2nd,10,ATL,47,C,Newton,Pass,0
Atlanta Falcons 2,2nd,3rd,10,ATL,47,C,Newton,Pass,19
Atlanta Falcons 2,2nd,1st,10,ATL,28,M,Tolbert,Rush,1
Atlanta Falcons 2,2nd,2nd,9,ATL,27,C,Newton,Pass,8
Atlanta Falcons 2,2nd,3rd,1,ATL,19,D,Williams,Rush,5
Atlanta Falcons 2,2nd,1st,15,ATL,19,C,Newton,Pass,0
Atlanta Falcons 2,2nd,2nd,15,ATL,19,C,Newton,Pass,0
Atlanta Falcons 2,2nd,3rd,15,ATL,19,C,Newton,Pass,6
Atlanta Falcons 2,3rd,1st,10,CAR,14,C,Newton,Pass,8
Atlanta Falcons 2,3rd,2nd,2,CAR,22,D,Williams,Rush,1
Atlanta Falcons 2,3rd,3rd,1,CAR,23,M,Tolbert,Rush,5
Atlanta Falcons 2,3rd,1st,10,CAR,28,C,Newton,Rush,72
Atlanta Falcons 2,3rd,1st,10,CAR,20,C,Newton,Pass,16
Atlanta Falcons 2,3rd,1st,10,CAR,36,D,Williams,Rush,-2
Atlanta Falcons 2,3rd,2nd,12,CAR,34,D,Williams,Rush,8
Atlanta Falcons 2,3rd,3rd,4,CAR,42,C,Newton,Pass,0
Atlanta Falcons 2,4th,1st,10,CAR,16,D,Williams,Rush,1
Atlanta Falcons 2,4th,2nd,9,CAR,17,M,Tolbert,Rush,7
Atlanta Falcons 2,4th,3rd,2,CAR,24,C,Newton,Pass,7
Atlanta Falcons 2,4th,1st,10,CAR,31,C,Newton,Pass,18
Atlanta Falcons 2,4th,1st,10,CAR,49,D,Williams,Rush,3
Atlanta Falcons 2,4th,1st,10,ATL,41,C,Newton,Pass,0
Atlanta Falcons 2,4th,2nd,10,ATL,41,C,Newton,Rush,1
Atlanta Falcons 2,4th,3rd,9,ATL,40,C,Newton,Pass,0
Atlanta Falcons 2,4th,1st,10,CAR,40,C,Newton,Pass,0
Atlanta Falcons 2,4th,2nd,10,CAR,40,D,Williams,Rush,1
Atlanta Falcons 2,4th,1st,10,CAR,46,D,Williams,Rush,1
Atlanta Falcons 2,4th,2nd,9,CAR,47,C,Newton,Pass,53
Atlanta Falcons 2,4th,1st,10,ATL,45,C,Newton,Rush,-1
Atlanta Falcons 2,4th,2nd,11,ATL,46,C,Newton,Rush,-1
Tampa Bay Buccaneers 2,1st,1st,10,CAR,22,C,Newton,Pass,10
Tampa Bay Buccaneers 2,1st,1st,10,CAR,32,C,Newton,Pass,0
Tampa Bay Buccaneers 2,1st,2nd,15,CAR,27,J,Stewart,Rush,5
Tampa Bay Buccaneers 2,1st,3rd,10,CAR,32,C,Newton,Pass,0
Tampa Bay Buccaneers 2,1st,1st,10,CAR,29,J,Freeman,Pass,4
Tampa Bay Buccaneers 2,1st,1st,10,CAR,16,C,Newton,Pass,0
Tampa Bay Buccaneers 2,1st,2nd,10,CAR,16,J,Stewart,Rush,1
Tampa Bay Buccaneers 2,1st,3rd,9,CAR,17,C,Newton,Pass,0
Tampa Bay Buccaneers 2,1st,1st,10,CAR,20,D,Williams,Rush,-1
Tampa Bay Buccaneers 2,1st,2nd,11,CAR,19,D,Williams,Rush,5
Tampa Bay Buccaneers 2,1st,3rd,16,CAR,14,C,Newton,Pass,-10
Tampa Bay Buccaneers 2,2nd,1st,10,CAR,23,J,Stewart,Rush,11
Tampa Bay Buccaneers 2,2nd,1st,10,CAR,34,C,Newton,Pass,30
Tampa Bay Buccaneers 2,2nd,1st,10,TB,36,C,Newton,Pass,6
Tampa Bay Buccaneers 2,2nd,2nd,4,TB,30,D,Williams,Rush,2
Tampa Bay Buccaneers 2,2nd,3rd,2,TB,28,C,Newton,Pass,17
Tampa Bay Buccaneers 2,2nd,1st,10,TB,11,C,Newton,Pass,0
Tampa Bay Buccaneers 2,2nd,2nd,10,TB,11,C,Newton,Rush,0
Tampa Bay Buccaneers 2,2nd,1st,1,TB,1,J,Stewart,Rush,1
Tampa Bay Buccaneers 2,2nd,1st,10,CAR,32,C,Newton,Pass,5
Tampa Bay Buccaneers 2,2nd,2nd,5,CAR,37,C,Newton,Rush,10
Tampa Bay Buccaneers 2,2nd,1st,10,CAR,47,C,Newton,Pass,0
Tampa Bay Buccaneers 2,2nd,2nd,10,CAR,47,J,Stewart,Rush,-3
Tampa Bay Buccaneers 2,2nd,3rd,13,CAR,44,C,Newton,Pass,16
Tampa Bay Buccaneers 2,2nd,1st,15,TB,45,C,Newton,Pass,32
Tampa Bay Buccaneers 2,2nd,1st,10,TB,13,D,Williams,Rush,5
Tampa Bay Buccaneers 2,2nd,2nd,5,TB,8,C,Newton,Rush,-4
Tampa Bay Buccaneers 2,2nd,3rd,19,TB,22,C,Newton,Pass,0
Tampa Bay Buccaneers 2,2nd,1st,10,CAR,20,C,Newton,Pass,0
Tampa Bay Buccaneers 2,2nd,2nd,10,CAR,20,J,Stewart,Rush,5
Tampa Bay Buccaneers 2,2nd,3rd,5,CAR,25,J,Stewart,Rush,11
Tampa Bay Buccaneers 2,2nd,1st,10,CAR,36,C,Newton,Pass,0
Tampa Bay Buccaneers 2,2nd,2nd,10,CAR,36,C,Newton,Pass,0
Tampa Bay Buccaneers 2,2nd,3rd,10,CAR,36,J,Stewart,Rush,10
Tampa Bay Buccaneers 2,2nd,1st,10,CAR,46,C,Newton,Rush,0
Tampa Bay Buccaneers 2,2nd,2nd,10,CAR,46,C,Newton,Pass,0
Tampa Bay Buccaneers 2,2nd,3rd,10,CAR,46,C,Newton,Pass,24
Tampa Bay Buccaneers 2,3rd,1st,15,CAR,32,C,Newton,Pass,0
Tampa Bay Buccaneers 2,3rd,2nd,15,CAR,32,C,Newton,Rush,-2
Tampa Bay Buccaneers 2,3rd,3rd,17,CAR,30,C,Newton,Pass,11
Tampa Bay Buccaneers 2,3rd,4th,6,CAR,41,H,Nakamura,Rush,-4
Tampa Bay Buccaneers 2,3rd,1st,10,CAR,23,C,Newton,Pass,-8
Tampa Bay Buccaneers 2,3rd,2nd,23,CAR,10,C,Newton,Pass,10
Tampa Bay Buccaneers 2,3rd,3rd,13,CAR,20,C,Newton,Pass,10
Tampa Bay Buccaneers 2,3rd,1st,10,CAR,17,D,Williams,Rush,3
Tampa Bay Buccaneers 2,3rd,2nd,7,CAR,20,C,Newton,Pass,6
Tampa Bay Buccaneers 2,3rd,3rd,1,CAR,26,C,Newton,Rush,2
Tampa Bay Buccaneers 2,3rd,1st,10,CAR,28,D,Williams,Rush,5
Tampa Bay Buccaneers 2,3rd,2nd,5,CAR,33,D,Williams,Rush,-1
Tampa Bay Buccaneers 2,3rd,3rd,1,CAR,37,J,Stewart,Rush,-2
Tampa Bay Buccaneers 2,4th,1st,10,CAR,20,C,Newton,Pass,9
Tampa Bay Buccaneers 2,4th,2nd,1,CAR,29,J,Stewart,Rush,-1
Tampa Bay Buccaneers 2,4th,3rd,2,CAR,28,C,Newton,Pass,20
Tampa Bay Buccaneers 2,4th,1st,10,CAR,48,J,Stewart,Rush,6
Tampa Bay Buccaneers 2,4th,2nd,4,TB,46,J,Stewart,Rush,0
Tampa Bay Buccaneers 2,4th,3rd,4,TB,46,C,Newton,Pass,17
Tampa Bay Buccaneers 2,4th,1st,10,TB,29,C,Newton,Pass,29
Tampa Bay Buccaneers 2,4th,1st,10,CAR,20,C,Newton,Pass,11
Tampa Bay Buccaneers 2,4th,1st,10,CAR,31,J,Stewart,Rush,0
Tampa Bay Buccaneers 2,4th,2nd,10,CAR,31,J,Stewart,Rush,-1
Tampa Bay Buccaneers 2,4th,3rd,11,CAR,30,C,Newton,Pass,12
Tampa Bay Buccaneers 2,4th,1st,10,CAR,42,J,Stewart,Rush,0
Tampa Bay Buccaneers 2,4th,2nd,10,CAR,42,C,Newton,Rush,-2
Tampa Bay Buccaneers 2,4th,3rd,12,CAR,40,C,Newton,Rush,11
Tampa Bay Buccaneers 2,4th,1st,10,CAR,20,C,Newton,Rush,-2
Seattle Seahawks,1st,1st,10,CAR,13,D,Williams,Rush,3
Seattle Seahawks,1st,2nd,7,CAR,16,C,Newton,Pass,0
Seattle Seahawks,1st,3rd,7,CAR,16,C,Newton,Pass,0
Seattle Seahawks,1st,1st,10,CAR,19,D,Williams,Rush,3
Seattle Seahawks,1st,2nd,7,CAR,22,J,Stewart,Rush,1
Seattle Seahawks,1st,3rd,6,CAR,23,C,Newton,Pass,0
Seattle Seahawks,1st,1st,10,CAR,5,J,Stewart,Rush,11
Seattle Seahawks,1st,1st,10,CAR,16,C,Newton,Pass,2
Seattle Seahawks,1st,2nd,8,CAR,18,C,Newton,Rush,12
Seattle Seahawks,1st,1st,10,CAR,31,C,Newton,Pass,12
Seattle Seahawks,1st,1st,10,CAR,43,C,Newton,Pass,0
Seattle Seahawks,1st,2nd,10,CAR,43,L,Murphy,Rush,3
Seattle Seahawks,1st,3rd,7,CAR,46,C,Newton,Pass,-4
Seattle Seahawks,2nd,1st,10,CAR,23,C,Newton,Pass,0
Seattle Seahawks,2nd,2nd,10,CAR,23,C,Newton,Pass,0
Seattle Seahawks,2nd,3rd,10,CAR,23,C,Newton,Pass,-13
Seattle Seahawks,2nd,1st,10,CAR,9,C,Newton,Rush,6
Seattle Seahawks,2nd,2nd,4,CAR,15,C,Newton,Pass,0
Seattle Seahawks,2nd,1st,10,CAR,30,C,Newton,Pass,0
Seattle Seahawks,2nd,2nd,10,CAR,30,C,Newton,Pass,21
Seattle Seahawks,2nd,1st,10,SEA,49,C,Newton,Pass,0
Seattle Seahawks,2nd,2nd,10,SEA,49,C,Newton,Pass,0
Seattle Seahawks,2nd,3rd,10,SEA,49,C,Newton,Pass,15
Seattle Seahawks,2nd,1st,10,SEA,34,C,Newton,Rush,13
Seattle Seahawks,2nd,1st,10,SEA,21,C,Newton,Pass,0
Seattle Seahawks,2nd,2nd,10,SEA,21,C,Newton,Pass,0
Seattle Seahawks,2nd,3rd,10,SEA,21,C,Newton,Pass,7
Seattle Seahawks,3rd,1st,10,SEA,37,C,Newton,Pass,0
Seattle Seahawks,3rd,2nd,10,SEA,37,C,Newton,Rush,2
Seattle Seahawks,3rd,3rd,8,SEA,35,C,Newton,Pass,-10
Seattle Seahawks,3rd,1st,10,CAR,20,D,Williams,Rush,4
Seattle Seahawks,3rd,2nd,6,CAR,24,J,Stewart,Rush,2
Seattle Seahawks,3rd,1st,20,CAR,21,C,Newton,Pass,7
Seattle Seahawks,3rd,2nd,13,CAR,28,C,Newton,Pass,0
Seattle Seahawks,3rd,3rd,13,CAR,28,C,Newton,Pass,8
Seattle Seahawks,3rd,1st,10,CAR,20,C,Newton,Pass,0
Seattle Seahawks,3rd,2nd,10,CAR,20,J,Stewart,Rush,2
Seattle Seahawks,4th,1st,10,CAR,20,D,Williams,Rush,2
Seattle Seahawks,4th,2nd,8,CAR,22,M,Tolbert,Rush,3
Seattle Seahawks,4th,3rd,5,CAR,25,C,Newton,Pass,6
Seattle Seahawks,4th,1st,10,CAR,31,C,Newton,Pass,24
Seattle Seahawks,4th,1st,10,SEA,45,C,Newton,Pass,14
Seattle Seahawks,4th,1st,10,SEA,31,C,Newton,Pass,13
Seattle Seahawks,4th,1st,15,SEA,23,C,Newton,Pass,17
Seattle Seahawks,4th,1st,6,SEA,6,C,Newton,Rush,3
Seattle Seahawks,4th,2nd,3,SEA,3,D,Williams,Rush,-3
Seattle Seahawks,4th,3rd,6,SEA,6,C,Newton,Pass,5
Seattle Seahawks,4th,4th,1,SEA,1,C,Newton,Pass,0
Seattle Seahawks,4th,1st,10,CAR,31,C,Newton,Pass,0
Kansas City Chiefs,1st,1st,10,CAR,25,C,Newton,Pass,10
Kansas City Chiefs,1st,1st,10,CAR,35,D,Williams,Rush,6
Kansas City Chiefs,1st,2nd,4,CAR,41,D,Williams,Rush,3
Kansas City Chiefs,1st,3rd,1,CAR,44,M,Tolbert,Rush,9
Kansas City Chiefs,1st,1st,10,KC,47,C,Newton,Pass,0
Kansas City Chiefs,1st,2nd,10,KC,47,C,Newton,Pass,47
Kansas City Chiefs,1st,1st,10,CAR,20,C,Newton,Pass,0
Kansas City Chiefs,1st,2nd,10,CAR,20,M,Tolbert,Rush,6
Kansas City Chiefs,1st,3rd,4,CAR,26,C,Newton,Pass,10
Kansas City Chiefs,1st,1st,10,CAR,36,D,Williams,Rush,2
Kansas City Chiefs,1st,2nd,8,CAR,38,C,Newton,Pass,-3
Kansas City Chiefs,1st,3rd,11,CAR,35,C,Newton,Pass,19
Kansas City Chiefs,1st,1st,10,KC,46,J,Adams,Rush,5
Kansas City Chiefs,2nd,2nd,5,KC,41,D,Williams,Rush,11
Kansas City Chiefs,2nd,1st,10,KC,30,C,Newton,Pass,0
Kansas City Chiefs,2nd,2nd,10,KC,30,C,Newton,Pass,7
Kansas City Chiefs,2nd,3rd,3,KC,23,C,Newton,Pass,23
Kansas City Chiefs,2nd,1st,10,CAR,34,D,Williams,Rush,6
Kansas City Chiefs,2nd,2nd,4,CAR,40,D,Williams,Rush,7
Kansas City Chiefs,2nd,1st,10,CAR,47,C,Newton,Rush,8
Kansas City Chiefs,2nd,2nd,7,50,50,C,Newton,Pass,0
Kansas City Chiefs,2nd,3rd,7,50,50,C,Newton,Rush,4
Kansas City Chiefs,3rd,1st,10,CAR,20,C,Newton,Pass,11
Kansas City Chiefs,3rd,1st,10,CAR,31,D,Williams,Rush,13
Kansas City Chiefs,3rd,1st,10,CAR,44,C,Newton,Pass,0
Kansas City Chiefs,3rd,3rd,6,CAR,48,C,Newton,Pass,0
Kansas City Chiefs,3rd,1st,10,CAR,20,C,Newton,Pass,1
Kansas City Chiefs,3rd,2nd,9,CAR,21,C,Newton,Rush,8
Kansas City Chiefs,3rd,3rd,1,CAR,29,C,Newton,Rush,3
Kansas City Chiefs,3rd,1st,10,CAR,32,C,Newton,Pass,0
Kansas City Chiefs,3rd,2nd,10,CAR,32,C,Newton,Rush,28
Kansas City Chiefs,3rd,1st,10,KC,40,D,Williams,Rush,8
Kansas City Chiefs,4th,2nd,2,KC,32,D,Williams,Rush,4
Kansas City Chiefs,4th,1st,10,KC,28,C,Newton,Pass,0
Kansas City Chiefs,4th,2nd,10,KC,28,C,Newton,Rush,20
Kansas City Chiefs,4th,1st,8,KC,8,C,Newton,Pass,0
Kansas City Chiefs,4th,2nd,8,KC,8,C,Newton,Pass,8
Kansas City Chiefs,4th,1st,10,CAR,17,D,Williams,Rush,6
Kansas City Chiefs,4th,2nd,4,CAR,23,D,Williams,Rush,2
Kansas City Chiefs,4th,3rd,2,CAR,25,C,Newton,Pass,15
Kansas City Chiefs,4th,1st,10,CAR,40,C,Newton,Pass,-9
Kansas City Chiefs,4th,2nd,19,CAR,31,D,Williams,Rush,-1
Kansas City Chiefs,4th,3rd,20,CAR,30,C,Newton,Pass,0
Kansas City Chiefs,4th,1st,10,CAR,19,C,Newton,Pass,-1
Kansas City Chiefs,4th,2nd,11,CAR,18,C,Newton,Pass,7
Kansas City Chiefs,4th,3rd,4,CAR,25,C,Newton,Pass,0
Kansas City Chiefs,4th,1st,10,CAR,14,C,Newton,Pass,14
Kansas City Chiefs,4th,1st,10,CAR,28,C,Newton,Pass,11
Kansas City Chiefs,4th,1st,10,CAR,39,C,Newton,Pass,0
Kansas City Chiefs,4th,2nd,10,CAR,39,C,Newton,Pass,53
Oakland Raiders,1st,1st,10,CAR,20,C,Newton,Pass,4
Oakland Raiders,1st,2nd,14,CAR,16,C,Newton,Pass,14
Oakland Raiders,1st,1st,10,CAR,30,C,Newton,Pass,14
Oakland Raiders,1st,1st,10,CAR,44,M,Tolbert,Rush,5
Oakland Raiders,1st,2nd,5,CAR,49,C,Newton,Pass,-2
Oakland Raiders,1st,3rd,12,CAR,42,C,Newton,Pass,0
Oakland Raiders,1st,1st,10,CAR,12,D,Williams,Rush,-3
Oakland Raiders,1st,2nd,13,CAR,9,C,Newton,Pass,12
Oakland Raiders,1st,3rd,1,CAR,21,M,Tolbert,Rush,7
Oakland Raiders,1st,1st,10,CAR,28,C,Newton,Pass,29
Oakland Raiders,1st,1st,10,OAK,43,C,Newton,Rush,2
Oakland Raiders,1st,1st,20,OAK,37,C,Newton,Rush,-2
Oakland Raiders,1st,2nd,22,OAK,39,C,Newton,Pass,16
Oakland Raiders,1st,3rd,6,OAK,23,C,Newton,Pass,23
Oakland Raiders,2nd,1st,10,CAR,16,D,Williams,Rush,-2
Oakland Raiders,2nd,2nd,12,CAR,14,C,Newton,Pass,7
Oakland Raiders,2nd,3rd,5,CAR,21,C,Newton,Pass,2
Oakland Raiders,2nd,1st,10,CAR,20,C,Newton,Pass,0
Oakland Raiders,2nd,2nd,10,CAR,20,C,Newton,Pass,0
Oakland Raiders,2nd,1st,10,CAR,26,D,Williams,Rush,-1
Oakland Raiders,2nd,2nd,11,CAR,25,C,Newton,Pass,8
Oakland Raiders,2nd,3rd,3,CAR,33,C,Newton,Pass,14
Oakland Raiders,2nd,1st,10,CAR,47,J,Adams,Rush,5
Oakland Raiders,2nd,1st,10,OAK,31,D,Williams,Rush,1
Oakland Raiders,2nd,2nd,9,OAK,30,C,Newton,Pass,0
Oakland Raiders,2nd,3rd,9,OAK,30,C,Newton,Pass,0
Oakland Raiders,2nd,1st,10,OAK,29,C,Newton,Pass,22
Oakland Raiders,2nd,1st,7,OAK,7,C,Newton,Pass,4
Oakland Raiders,2nd,2nd,3,OAK,3,C,Newton,Pass,0
Oakland Raiders,2nd,3rd,3,OAK,3,C,Newton,Pass,3
Oakland Raiders,3rd,1st,10,CAR,8,C,Newton,Pass,0
Oakland Raiders,3rd,2nd,10,CAR,8,C,Newton,Pass,5
Oakland Raiders,3rd,3rd,5,CAR,13,C,Newton,Pass,5
Oakland Raiders,3rd,1st,10,CAR,18,M,Tolbert,Rush,4
Oakland Raiders,3rd,2nd,6,CAR,22,C,Newton,Pass,0
Oakland Raiders,3rd,1st,10,CAR,37,D,Williams,Rush,-1
Oakland Raiders,3rd,2nd,11,CAR,36,D,Williams,Rush,3
Oakland Raiders,3rd,3rd,18,CAR,29,C,Newton,Pass,0
Oakland Raiders,3rd,1st,14,CAR,5,M,Tolbert,Rush,4
Oakland Raiders,3rd,2nd,10,CAR,9,C,Newton,Pass,-2
Oakland Raiders,4th,1st,10,CAR,20,C,Newton,Pass,0
Oakland Raiders,4th,2nd,10,CAR,20,D,Williams,Rush,5
Oakland Raiders,4th,3rd,5,CAR,25,C,Newton,Pass,9
Oakland Raiders,4th,1st,10,CAR,34,D,Williams,Rush,-1
Oakland Raiders,4th,3rd,29,CAR,15,M,Tolbert,Rush,8
Oakland Raiders,4th,1st,10,CAR,24,C,Newton,Rush,4
Oakland Raiders,4th,2nd,6,CAR,28,C,Newton,Rush,19
Oakland Raiders,4th,1st,10,CAR,47,C,Newton,Pass,20
Oakland Raiders,4th,1st,15,OAK,38,D,Williams,Rush,2
Oakland Raiders,4th,2nd,13,OAK,36,C,Newton,Rush,-1
Oakland Raiders,4th,3rd,14,OAK,37,C,Newton,Rush,4
Oakland Raiders,4th,1st,10,OAK,19,C,Newton,Rush,-1
Oakland Raiders,4th,2nd,11,OAK,20,C,Newton,Rush,-1
Oakland Raiders,4th,3rd,12,OAK,21,C,Newton,Rush,-1
New Orleans Saints,1st,1st,10,CAR,20,C,Newton,Pass,27
New Orleans Saints,1st,1st,10,CAR,47,D,Williams,Rush,8
New Orleans Saints,1st,2nd,2,NO,45,D,Williams,Rush,3
New Orleans Saints,1st,1st,10,NO,42,C,Newton,Pass,-9
New Orleans Saints,1st,2nd,19,CAR,49,J,Stewart,Rush,-2
New Orleans Saints,1st,3rd,21,CAR,47,C,Newton,Pass,9
New Orleans Saints,1st,1st,10,CAR,20,C,Newton,Rush,40
New Orleans Saints,1st,1st,10,NO,40,D,Williams,Rush,4
New Orleans Saints,1st,2nd,6,NO,36,C,Newton,Pass,3
New Orleans Saints,2nd,3rd,3,NO,33,C,Newton,Rush,7
New Orleans Saints,2nd,1st,10,NO,26,C,Newton,Pass,3
New Orleans Saints,2nd,2nd,7,NO,23,D,Williams,Rush,10
New Orleans Saints,2nd,1st,10,NO,13,J,Stewart,Rush,8
New Orleans Saints,2nd,2nd,2,NO,5,J,Stewart,Rush,0
New Orleans Saints,2nd,3rd,2,NO,5,C,Newton,Pass,1
New Orleans Saints,2nd,1st,10,CAR,26,C,Newton,Pass,12
New Orleans Saints,2nd,1st,19,CAR,29,C,Newton,Rush,4
New Orleans Saints,2nd,2nd,15,CAR,33,C,Newton,Pass,0
New Orleans Saints,2nd,3rd,15,CAR,33,C,Newton,Pass,35
New Orleans Saints,2nd,1st,10,NO,32,J,Stewart,Rush,4
New Orleans Saints,2nd,2nd,6,NO,28,C,Newton,Pass,11
New Orleans Saints,2nd,1st,10,NO,17,C,Newton,Pass,17
New Orleans Saints,2nd,1st,10,CAR,42,B,LaFell,Rush,25
New Orleans Saints,2nd,1st,10,NO,33,C,Newton,Pass,0
New Orleans Saints,2nd,2nd,10,NO,33,C,Newton,Pass,0
New Orleans Saints,2nd,3rd,10,NO,33,C,Newton,Pass,19
New Orleans Saints,2nd,1st,10,NO,14,J,Stewart,Rush,7
New Orleans Saints,2nd,2nd,3,NO,7,C,Newton,Pass,1
New Orleans Saints,2nd,3rd,2,NO,6,C,Newton,Rush,4
New Orleans Saints,2nd,1st,2,NO,2,M,Tolbert,Rush,2
New Orleans Saints,3rd,1st,10,CAR,20,D,Williams,Rush,2
New Orleans Saints,3rd,2nd,8,CAR,22,C,Newton,Pass,13
New Orleans Saints,3rd,1st,10,CAR,35,J,Stewart,Rush,1
New Orleans Saints,3rd,2nd,9,CAR,36,C,Newton,Pass,0
New Orleans Saints,3rd,3rd,9,CAR,36,C,Newton,Pass,0
New Orleans Saints,3rd,1st,10,CAR,20,C,Newton,Pass,20
New Orleans Saints,3rd,1st,10,CAR,40,C,Newton,Rush,0
New Orleans Saints,3rd,2nd,10,CAR,40,J,Stewart,Rush,16
New Orleans Saints,3rd,1st,10,NO,44,D,Williams,Rush,27
New Orleans Saints,3rd,1st,10,NO,17,D,Williams,Rush,1
New Orleans Saints,3rd,1st,3,NO,3,D,Williams,Rush,3
New Orleans Saints,3rd,1st,10,CAR,3,J,Stewart,Rush,3
New Orleans Saints,3rd,2nd,7,CAR,6,J,Stewart,Rush,3
New Orleans Saints,3rd,3rd,4,CAR,9,C,Newton,Pass,20
New Orleans Saints,3rd,1st,10,CAR,29,J,Stewart,Rush,8
New Orleans Saints,3rd,2nd,2,CAR,37,C,Newton,Rush,-1
New Orleans Saints,3rd,3rd,3,CAR,36,C,Newton,Pass,0
New Orleans Saints,4th,1st,10,CAR,20,C,Newton,Pass,66
New Orleans Saints,4th,1st,10,NO,14,J,Stewart,Rush,3
New Orleans Saints,4th,2nd,7,NO,11,C,Newton,Pass,6
New Orleans Saints,4th,3rd,1,NO,5,D,Williams,Rush,1
New Orleans Saints,4th,1st,4,NO,4,D,Williams,Rush,-1
New Orleans Saints,4th,2nd,5,NO,5,C,Newton,Rush,5
New Orleans Saints,4th,1st,10,CAR,24,D,Williams,Rush,4
New Orleans Saints,4th,2nd,6,CAR,28,D,Williams,Rush,4
New Orleans Saints,4th,3rd,2,CAR,32,M,Tolbert,Rush,1
New Orleans Saints,4th,1st,10,NO,46,D,Williams,Rush,1
New Orleans Saints,4th,2nd,9,NO,45,D,Williams,Rush,2
New Orleans Saints,4th,3rd,7,NO,43,C,Newton,Rush,3
New Orleans Saints,4th,1st,10,NO,41,C,Newton,Rush,-2
